-- MySQL dump 10.13  Distrib 5.7.20, for Linux (x86_64)
--
-- Host: localhost    Database: btcl_refactor
-- ------------------------------------------------------
-- Server version	5.7.20-0ubuntu0.17.04.1-log

/*!40101 SET @OLD_CHARACTER_SET_CLIENT=@@CHARACTER_SET_CLIENT */;
/*!40101 SET @OLD_CHARACTER_SET_RESULTS=@@CHARACTER_SET_RESULTS */;
/*!40101 SET @OLD_COLLATION_CONNECTION=@@COLLATION_CONNECTION */;
/*!40101 SET NAMES utf8 */;
/*!40103 SET @OLD_TIME_ZONE=@@TIME_ZONE */;
/*!40103 SET TIME_ZONE='+00:00' */;
/*!40014 SET @OLD_UNIQUE_CHECKS=@@UNIQUE_CHECKS, UNIQUE_CHECKS=0 */;
/*!40014 SET @OLD_FOREIGN_KEY_CHECKS=@@FOREIGN_KEY_CHECKS, FOREIGN_KEY_CHECKS=0 */;
/*!40101 SET @OLD_SQL_MODE=@@SQL_MODE, SQL_MODE='NO_AUTO_VALUE_ON_ZERO' */;
/*!40111 SET @OLD_SQL_NOTES=@@SQL_NOTES, SQL_NOTES=0 */;

--
-- Table structure for table `flow`
--

DROP TABLE IF EXISTS `flow`;
/*!40101 SET @saved_cs_client     = @@character_set_client */;
/*!40101 SET character_set_client = utf8 */;
CREATE TABLE `flow` (
  `id` int(11) DEFAULT NULL,
  `name` text,
  `module` int(11) DEFAULT NULL
) ENGINE=InnoDB DEFAULT CHARSET=latin1;
/*!40101 SET character_set_client = @saved_cs_client */;

--
-- Dumping data for table `flow`
--

LOCK TABLES `flow` WRITE;
/*!40000 ALTER TABLE `flow` DISABLE KEYS */;
INSERT INTO `flow` VALUES (1,'New Connection Application Flow',7),(2,'upgrade connecton flow',7),(3,'Downgrade Connection Flow',7),(4,'Temporary Disconnect',7),(5,'Reconnect',7),(101,'Close Connection',7),(102,'New Long Term',7),(103,'Break Long Term',7),(104,'Shift Bandwidth',7),(105,'Billing Address Change',7);
/*!40000 ALTER TABLE `flow` ENABLE KEYS */;
UNLOCK TABLES;

--
-- Table structure for table `flow_state`
--

DROP TABLE IF EXISTS `flow_state`;
/*!40101 SET @saved_cs_client     = @@character_set_client */;
/*!40101 SET character_set_client = utf8 */;
CREATE TABLE `flow_state` (
  `id` int(11) NOT NULL AUTO_INCREMENT,
  `name` text,
  `flow` int(11) DEFAULT NULL,
  `description` text,
  `color` text,
  `view_description` text,
  PRIMARY KEY (`id`)
) ENGINE=InnoDB AUTO_INCREMENT=3005 DEFAULT CHARSET=latin1;
/*!40101 SET character_set_client = @saved_cs_client */;

--
-- Dumping data for table `flow_state`
--

LOCK TABLES `flow_state` WRITE;
/*!40000 ALTER TABLE `flow_state` DISABLE KEYS */;
INSERT INTO `flow_state` VALUES (1,'SUBMITTED',1,'Submit Application','#f99a2f','Application Submitted'),(3,'PRECHECK_DONE',1,'Submit Correction','#008000','Client Correction Submitted'),(7,'REJECTED',1,'Reject Application','#ff0000','Application Rejected'),(8,'REQUESTED_TO_CENTRAL',1,'Forward to CDGM(Broadbrand-1)','#f99a2f','Application Forwarded by LDGM'),(16,'RESPONDED_TO_CENTRAL',1,'Forward To Central DGM','#f99a2f','Forwarded From Local DGM'),(20,'EFR_WIP',1,'EFR RESPONSE','#008000','External FR Responded'),(22,'EFR_DONE',1,'EFR Done','#008000','External FR Completed'),(24,'PAYMENT_DONE',1,'Give Payment ','#f99a2f','Payment Verification Needed'),(25,'PAYMENT_VERIFIED',1,'Verify Payment','#008000','Payment Verified'),(27,'WORK_DONE',1,'Job Done','#008000','Work Order Completed'),(28,'TESTING_PENDING',1,'Complete Testing ','#f99a2f','Testing Completed'),(29,'ADVICE_NOTE_PUBLISH',1,'Publish Advice Note','#f99a2f','Advice note published'),(30,'IFR_SUBMITTED',1,' Internal FR Request','#f99a2f','Internal FR requested'),(31,'IFR_RESPONDED',1,'Response Internal FR ','#008000','Internal FR Responded'),(32,'EFR_REQUESTED',1,'Request for External FR','#f99a2f','External FR requested'),(33,'DEMAND_NOTE_GENERATED',1,'Generate Demand Note','#f99a2f','Demand note generated'),(34,'REQUEST_FOR_ACCOUNT_CC',1,'Request Account For CC','#f99a2f','Requested for Account CC'),(35,'REQUESTED_CLIENT_FOR_CORRECTION',1,'Request to client for correction','#f99a2f','Requested correction for submitted app'),(37,'ACCOUNT_CC_POSITIVE',1,'Account Payment Condition Positive','#008000','Positive response from revenue'),(38,'ACCOUNT_CC_NEGETIVE',1,'Account Payment Condition Negative','#ff0000','Negative Response From Revenue'),(39,'GENERATE_WORK_ORDER',1,'Generate work order','#f99a2f','Work Order Generated'),(40,'TESTING_DONE',1,'Forward Advice Note to Server Room','#008000','Advice Note Forwarded'),(41,'CONNCETION_COMPLETE',1,'Complete Connection','#008000','Application Process Completed'),(42,'APPLICATION_REOPEN',1,'Reopen Application','#f99a2f','Application Reopened'),(43,'FORWARD_TO_MUX_TEAM',1,'forward to mux team','#f99a2f','Application forwarded from server room'),(44,'MUX_CONFIGURE_DONE',1,'Complete Mux configuration','#008000','Mux configuration Done'),(45,'UPGRADE_SUBMITTED',2,'upgrade application','#f99a2f','Connection Upgrade Submitted'),(46,'DOWNGRADE_SUBMITTED',3,'downgrade application','#f99a2f','Application Submitted for Connection Downgrade'),(47,'IFR_2_REQUESTED',1,'Request For Internal FR','#f99a2f','Internal FR Requested'),(48,'IFR_2_RESPONDED',1,'Response IFR','#008000','IFR Responded'),(49,'EFR_2_REQUESTED',1,'Request external FR','#f99a2f','External FR Requested'),(50,'EFR_2_RESPONDED',1,'Response EFR','#008000','EFR Responded'),(51,'REQUESTED_TO_LOCAL',1,'Forward To Nearby Local DGM','#f99a2f','Application Forwarded from Central DGM'),(52,'MOVE_BACK_TO_ORIGINAL',1,'Retransfer to original Local DGM','#f99a2f','Applicatio Retransfarred'),(53,'IFR_2_INCOMPLETE',1,'Give Negative IFR to Central DGM','#ff0000','Negative IFR Report From Local DGM'),(54,'WITHOUT_LOOP_SUBMITTED',1,'Application Submitted','#f99a2f','Application Submitted'),(55,'WITHOUT_LOOP_IFR_REQUEST',1,'Request Internal FR','#f99a2f','Internal FR Requested'),(56,'WITHOUT_LOOP_REQUESTED_CLIENT_FOR_CORRECTION',1,'Request for Correction','#f99a2f','Requested correction for submitted app'),(57,'WITHOUT_LOOP_REJECTED',1,'Reject Application','#ff0000','Application Rejected'),(58,'WITHOUT_LOOP_REQUEST_FOR_ACCOUNT_CC',1,'Request Account For CC','#f99a2f','Requested for Account CC'),(59,'WITHOUT_LOOP_IFR_RESPONSE',1,'Response Internal FR','#008000','Internal FR Responded'),(60,'WITHOUT_LOOP_CLIENT_CORRECTION_SUBMITTED',1,'Submit Correction','#008000','Client Correction Submitted'),(61,'WITHOUT_LOOP_ACCOUNT_CC_POSITIVE',1,'Account Payment Condition Positive','#008000','Positive response from revenue'),(62,'WITHOUT_LOOP_ACCOUNT_CC_NEGETIVE',1,'Account Payment Condition Negative','#ff0000','Negative response from revenue'),(63,'WITHOUT_LOOP_DEMAND_NOTE_GENERATED',1,'Generate Demand Note','#f99a2f','Demand note generated'),(64,'WITHOUT_LOOP_REQUESTED_TO_CENTRAL',1,'Forward to CDGM(Broadbrand-1)','#f99a2f','Application Forwarded by LDGM'),(65,'WITHOUT_LOOP_REQUESTED_TO_LOCAL',1,'Forward To Nearby Local DGM','#f99a2f','Application Forwarded from Central DGM'),(66,'WITHOUT_LOOP_IFR_2_REQUESTED',1,'Request For Internal FR','#f99a2f','Internal FR Requested'),(67,'WITHOUT_LOOP_IFR_2_RESPONDED',1,'Response IFR','#008000','IFR Responded'),(68,'WITHOUT_LOOP_IFR_2_INCOMPLETE',1,'Give Negative IFR to Central DGM','#ff0000','Negative IFR Report From Local DGM'),(69,'WITHOUT_LOOP_RESPONDED_TO_CENTRAL',1,'Forward To Central DGM','#008000','Forwarded From Local DGM'),(70,'WITHOUT_LOOP_MOVE_BACK_TO_ORIGINAL',1,'Retransfer to original Local DGM','#f99a2f','Applicatio Retransfarred'),(71,'WITHOUT_LOOP_PAYMENT_DONE',1,'Give Payment','#f99a2f','Payment Verification Needed'),(72,'WITHOUT_LOOP_PAYMENT_VERIFIED',1,'Verify Payment','#008000','Payment Verified'),(73,'WITHOUT_LOOP_ADVICE_NOTE_PUBLISH',1,'Publish Advice Note','#f99a2f','Advice note published'),(74,'WITHOUT_LOOP_FORWARD_AN',1,'Forward To server Room','#008000','Advice Note Forwarded'),(75,'WITHOUT_LOOP_FORWARD_TO_MUX_TEAM',1,'forward to mux team','#f99a2f','Application forwarded from server room'),(76,'WITHOUT_LOOP_CONNCETION_COMPLETE',1,'Complete Connection','#f99a2f','Application Process Completed'),(77,'WITHOUT_LOOP_APPLICATION_REOPEN',1,'Reopen Application','#f99a2f','application reopened'),(78,'WITHOUT_LOOP_MUX_DONE',1,'Mux Configure Done','#008000','Mux Configure Done'),(79,'WITHOUT_LOOP_RESPONDED_TO_CENTRAL',1,'Forward To Central DGM','#f99a2f','Application Forwarded by LDGM'),(80,'COMPLETE_TESTING_AND_CREATE_CONNECTION',1,'Complete Testing and Create Connection','#008000','Application Process Completed'),(82,'CLIENT_TD_SUBMITTED',4,'Generate Advice Note For Temporary Disconnect','#f99a2f','Temporary Disconnection Submitted'),(83,'TD_AN',4,'Advice Note Generate','#f99a2f','Advice Note Generated'),(84,'TD_DONE',4,'Disconnect Client','#f99a2f','Client Disconnected'),(85,'CLIENT_RECONNECTION_SUBMITTED',5,'Submitted for Reconnection','#f99a2f','Submitted for Reconnection'),(86,'GENERATE_DEMAND_NOTE',5,'Generate Demand Note','#f99a2f','Demand Note Generated'),(87,'GIVE_PAYMENT',5,'Give Payment','#f99a2f','Payment Verification Needed'),(88,'VERIFY_PAYMENT',5,'Verify Payment','#008000','Payment Verified'),(89,'GENERATE_AN',5,'Generate Advice Note','#f99a2f','Advice Note Generated'),(90,'COMPLETE_RECONNECTION',5,'Reconnect Client','#008000','Client Reconnected'),(91,'DEMAND_NOTE_SKIP',1,'Demand note generate and skip payment','#f99a2f','Payment Skipped'),(92,'WITHOUT_LOOP_DEMAND_NOTE_SKIP',1,'Demand note generate and skip payment','#f99a2f','Payment Skipped'),(107,'NEW_LONG_TERM_SUBMIT',102,'Long Term Submitted','#f99a2f','Long Term Submitted'),(108,'NEW_LONG_TERM_COMPLETE',102,'Complete Long Term','#008000','Long Term Completed'),(109,'LONG_TERM_REJECTED',102,'Reject Long Term','#800000','Long Term Rejected'),(110,'LONG_TERM_REOPENED',102,'Reopen Long Term','#f99a2f','Long Term Reopened'),(111,'BREAK_LONG_TERM_SUBMIT',103,'Break Long Term Submitted','#f99a2f','Break Long Term Submitted'),(112,'BREAK_LONG_TERM_APPROVED',103,'Break Long Term Approved','#f99a2f','Approved and Demand Note Issued'),(113,'BREAK_LONG_TERM_REJECTED',103,'Reject Long Term','#800000','Long Term Rejected'),(114,'BREAK_LONG_TERM_REOPENED',103,'Reopen Long Term','#f99a2f','Long Term Reopened'),(115,'LONG_TERM_PAYMENT_DONE',103,'Give Payment','#f99a2f','Payment Verification Needed'),(116,'LONG_TERM_PAYMENT_VERIFIED',103,'Payment Verified','#008000','Payment Verified'),(117,'BREAK_LONG_TERM_COMPLETE',103,'Complete Break Long Term','#008000','Break Long Term Completed'),(118,'ADDITIONAL_LOCAL_LOOP_SUBMIT',1,'Additional local loop submit','#f99a2f','Additional Local Loop Sumbitted'),(119,'REQUEST_FOR_ADVICE_NOTE',1,'Generate Advice note ','#008000','Advice Note generation'),(120,'BILLING_ADDRESS_CHANGE',105,'Billing Address Change','#f99a2f','Billing Address Change Submitted'),(121,'BILLING_ADDRESS_CHANGE_APPROVED',105,'Billing address change approved','#008000','Billing Address Change Approved'),(122,'BILLING_ADDRESS_CHANGE_REJECT',105,'Billing address change rejected','#800000','Billing Address Change Rejected'),(1001,'CONNECTION_CLOSE_SUBMITTED',101,'Connection Close Submitted','#f99a2f','Connection Close Submitted'),(1002,'REJECT',101,'Reject Application','#ff0000','Application Rejected'),(1003,'ACCOUNT_CC_CHECK',101,'Request Account For CC','#f99a2f','Account Payment check requested'),(1004,'CLIENT_CORRECTION',101,'Request Client For Correction','#f99a2f','Client Correction Requested'),(1005,'GENERATE_DEMAND_NOTE',101,'Generate Demand Note','#f99a2f','Demand Note Generated'),(1006,'CC_POSITIVE',101,'Account CC Positive','#008000','Account CC Positive'),(1007,'CC_NEGETIVE',101,'Account CC Negative','#ff0000','Account CC Negative'),(1008,'PAYMENT_GIVE',101,'Give Payment','#f99a2f','Payment Verification Needed'),(1009,'PAYMENT_VERIFY',101,'Verify Payment','#008000','Payment Verified'),(1010,'CORRECTION_SUBMITTED',101,'Submit Correction','#008000','Client Correction Submitted'),(1011,'REOPEN_APPLICATION',101,'Reopen Application','#008000','Application Reopened'),(1012,'GENERATE_WORK_ORDER',101,'Generate Work Order','#f99a2f','Work Order Generated'),(1013,'JOB_DONE',101,'Job Done','#008000','Work Order Completed'),(1014,'GENERATE_AN',101,'Advice note Generate','#f99a2f','Advice Note Generated'),(1015,'FORWARD_AN_',101,'Forward AN to Server Room','#f99a2f','Advice Note Published'),(1016,'COMPLETE_PROCESS',101,'Complete Close Connection','#008000','Connection Closed'),(1017,'BYPASS_WO',101,'Demand Note Paid','#008000','Payment Verified'),(2001,'SHIFT_BW_SUBMIT',104,'Submitted','#f99a2f','Shift Bandwidth Submitted'),(2002,'REJECT',104,'Reject','#f99a2f','Shift Bandwidth Rejected By Local DGM'),(2003,'APPROVE_BY_SOURCE',104,'Approve Bandwidth Shifting','#008000','Shift Bandwidth Approved By Local DGM'),(2004,'APPROVE_BY_CENTRAL',104,'Approve Bandwidth Shifting','#008000','Shift Bandwidth Requested'),(2005,'REJECTED_BY_CENTRAL',104,'Reject','#ff0000','Shift Bandwidth Rejected'),(2006,'REOPEN_BY_LOCAL',104,'Reopen Application','#008000','Application Reopened by Local DGM'),(2007,'REOPEN_BY_CENTRAL',104,'Reopen Application','#008000','Application Reopened'),(2008,'REQUEST_IFR',104,'Request for Internal FR','#f99a2f','Internal FR Requested'),(2009,'RESPONSE_IFR',104,'Response Internal FR','#f99a2f','Internal FR Responded'),(2010,'GENERATE_AN',104,'Generate Advice Note ','#f99a2f','Advice Note Generated'),(2011,'TRANSFER_AN',104,'Transfer Advice Note','#f99a2f','Advice Note Transfered'),(2012,'COMPLETE_PROCESS',104,'Complete Process','#008000','Process Completed'),(2101,'SHIFT_BW_NEW_SUBMIT',104,'Submitted','#f99a2f','Shift Bandwidth Submitted'),(2102,'NEW_REJECT',104,'Reject','#f99a2f','Shift Bandwidth Rejected By Local DGM'),(2103,'APPROVE_BY_SOURCE_NEW',104,'Approve Bandwidth Shifting','#008000','Shift Bandwidth Approved By Local DGM'),(2104,'APPROVE_BY_CENTRAL_NEW',104,'Approve Bandwidth Shifting','#008000','Shift Bandwidth Requested'),(2105,'REJECTED_BY_CENTRAL_NEW',104,'Reject','#ff0000','Shift Bandwidth Rejected'),(2106,'REOPEN_BY_LOCAL_NEW',104,'Reopen Application','#008000','Application Reopened by Local DGM'),(2107,'REOPEN_BY_CENTRAL_NEW',104,'Reopen Application','#008000','Application Reopened'),(2201,'WITHOUT_LOOP_SHIFT_BW_NEW_SUBMIT',104,'Submitted','#f99a2f','Shift Bandwidth Submitted'),(2202,'WITHOUT_LOOP_NEW_REJECT',104,'Reject','#f99a2f','Shift Bandwidth Rejected By Local DGM'),(2203,'WITHOUT_LOOP_APPROVE_BY_SOURCE_NEW',104,'Approve Bandwidth Shifting','#008000','Shift Bandwidth Approved By Local DGM'),(2204,'WITHOUT_LOOP_APPROVE_BY_CENTRAL_NEW',104,'Approve Bandwidth Shifting','#008000','Shift Bandwidth Requested'),(2205,'WITHOUT_LOOP_REJECTED_BY_CENTRAL_NEW',104,'Reject','#ff0000','Shift Bandwidth Rejected'),(2206,'WITHOUT_LOOP_REOPEN_BY_LOCAL_NEW',104,'Reopen Application','#008000','Application Reopened by Local DGM'),(2207,'WITHOUT_LOOP_REOPEN_BY_CENTRAL_NEW',104,'Reopen Application','#008000','Application Reopened'),(2208,'WITHOUT_LOOP_DEMAND_NOTE_BYPASS',104,'Internal FR Responded','#008000','Internal FR Responded'),(3001,'FORWARD_LDGM_FOR_LOOP',1,'Forward To LDGM to Complete Local Loop','#f99a2f','Application Forwarded For Local Loop Completion'),(3002,'FORWARD_LDGM_EFR_REQUEST_FOR_LOOP',1,'Request For External FR','#f99a2f','External FR requested'),(3003,'FORWARD_LDGM_RESPONSE_EXTERNAL_FR',1,'Response External FR','#008000','External FR Responded'),(3004,'FORWARD_LDGM_SELECT_EXTERNAL_FR',1,'Forward Back to CDGM','#f99a2f','Application move back from Local DGM');
/*!40000 ALTER TABLE `flow_state` ENABLE KEYS */;
UNLOCK TABLES;

--
-- Table structure for table `flow_state_transition`
--

DROP TABLE IF EXISTS `flow_state_transition`;
/*!40101 SET @saved_cs_client     = @@character_set_client */;
/*!40101 SET character_set_client = utf8 */;
CREATE TABLE `flow_state_transition` (
  `id` int(11) NOT NULL AUTO_INCREMENT,
  `source` int(11) DEFAULT NULL,
  `destination` int(11) DEFAULT NULL,
  `comment` text,
  PRIMARY KEY (`id`)
) ENGINE=InnoDB AUTO_INCREMENT=3007 DEFAULT CHARSET=latin1;
/*!40101 SET character_set_client = @saved_cs_client */;

--
-- Dumping data for table `flow_state_transition`
--

LOCK TABLES `flow_state_transition` WRITE;
/*!40000 ALTER TABLE `flow_state_transition` DISABLE KEYS */;
INSERT INTO `flow_state_transition` VALUES (4,22,32,''),(5,30,31,''),(7,31,32,''),(8,32,22,''),(9,20,22,''),(11,22,33,''),(12,33,24,''),(13,24,25,''),(14,1,30,''),(15,1,34,''),(16,1,7,''),(17,1,35,''),(18,35,3,''),(21,34,37,''),(22,34,38,''),(25,31,7,''),(28,25,39,''),(29,39,27,''),(30,27,29,''),(31,29,40,''),(32,28,40,''),(34,3,30,''),(35,3,34,''),(36,3,7,''),(37,3,35,''),(38,37,30,''),(40,37,7,''),(41,37,35,''),(42,38,30,''),(43,38,34,''),(44,38,7,''),(45,38,35,''),(46,7,42,''),(47,42,30,''),(48,42,34,''),(49,42,7,''),(50,42,35,''),(51,40,43,''),(52,43,44,''),(53,44,41,''),(58,45,30,''),(59,45,34,''),(60,45,7,''),(61,45,35,''),(66,31,8,''),(67,8,51,''),(68,51,47,''),(69,47,48,''),(70,48,49,''),(71,49,50,''),(72,50,16,''),(73,16,52,''),(74,52,33,''),(75,52,32,''),(76,48,53,''),(77,53,51,''),(78,54,55,''),(79,54,56,''),(80,54,57,''),(81,54,58,''),(82,55,59,''),(83,56,60,''),(84,58,61,''),(85,58,62,''),(86,57,77,''),(87,59,63,''),(88,63,71,''),(89,71,72,''),(90,72,73,''),(91,73,74,''),(92,74,75,''),(93,75,78,''),(94,78,80,''),(96,60,55,''),(97,60,56,''),(98,60,57,''),(99,60,58,''),(100,77,55,''),(101,77,56,''),(102,77,57,''),(103,77,58,''),(104,61,55,''),(105,61,56,''),(106,61,57,''),(107,62,55,''),(108,62,56,''),(109,62,57,''),(110,62,58,''),(111,59,64,''),(112,64,65,''),(113,65,66,''),(114,66,67,''),(115,67,68,''),(116,67,79,''),(117,68,65,''),(118,79,70,''),(119,70,63,''),(120,46,1002,''),(121,46,1003,''),(123,46,1005,''),(124,74,80,''),(125,82,83,''),(126,83,84,''),(127,85,86,''),(128,86,87,''),(129,87,88,''),(130,88,89,''),(131,89,90,''),(132,22,91,''),(133,91,39,''),(134,59,92,''),(135,70,92,''),(136,52,91,''),(137,92,73,''),(139,40,41,''),(140,107,109,''),(141,107,108,''),(142,109,110,''),(143,110,109,''),(144,110,108,''),(145,111,113,''),(146,113,114,''),(147,114,113,''),(148,111,112,''),(149,114,112,''),(150,112,115,''),(151,115,116,''),(152,116,117,''),(153,118,3,NULL),(154,118,7,NULL),(155,118,30,NULL),(156,118,34,NULL),(157,119,73,NULL),(158,120,121,NULL),(159,120,122,NULL),(1001,1001,1002,''),(1002,1001,1003,''),(1003,1001,1004,''),(1004,1001,1005,''),(1005,1003,1006,''),(1006,1003,1007,''),(1007,1007,1005,''),(1008,1007,1002,''),(1009,1006,1005,''),(1010,1006,1002,''),(1011,1005,1008,''),(1012,1008,1009,''),(1013,1004,1010,''),(1014,1010,1002,''),(1015,1010,1003,''),(1016,1010,1005,''),(1017,1002,1011,''),(1018,1011,1002,''),(1019,1011,1003,''),(1020,1011,1004,''),(1021,1011,1005,''),(1022,1009,1012,''),(1023,1012,1013,''),(1024,1013,1014,''),(1025,1014,1015,''),(1026,1015,1016,''),(1027,1007,1003,''),(1028,1017,1014,'NULL'),(2001,2001,2002,NULL),(2002,2001,2003,NULL),(2003,2002,2006,NULL),(2004,2003,2004,NULL),(2005,2003,2005,NULL),(2006,2005,2007,NULL),(2007,2006,2003,NULL),(2008,2007,2004,NULL),(2009,2004,2008,NULL),(2010,2008,2009,NULL),(2011,2009,2010,NULL),(2012,2010,2011,NULL),(2013,2011,2012,NULL),(2014,2009,2013,NULL),(2101,2101,2102,NULL),(2102,2101,2103,'NULL'),(2103,2102,2106,'NULL'),(2104,2103,2104,'NULL'),(2105,2103,2105,'NULL'),(2106,2105,2107,'NULL'),(2107,2106,2103,'NULL'),(2108,2107,2104,'NULL'),(2109,2104,30,NULL),(2110,2104,34,NULL),(2111,2104,7,NULL),(2112,2104,35,NULL),(2201,2201,2202,'NULL'),(2202,2201,2203,'NULL'),(2203,2202,2206,'NULL'),(2204,2203,2204,'NULL'),(2205,2203,2205,'NULL'),(2206,2205,2207,'NULL'),(2207,2206,2203,'NULL'),(2208,2207,2204,'NULL'),(2209,2204,55,'NULL'),(2210,2204,56,'NULL'),(2211,2204,57,'NULL'),(2212,2204,58,'NULL'),(2213,2208,73,''),(3002,3001,3002,'NULL'),(3003,3002,3003,'NULL'),(3004,3003,3004,'NULL'),(3005,3004,33,'NULL'),(3006,3004,91,'NULL');
/*!40000 ALTER TABLE `flow_state_transition` ENABLE KEYS */;
UNLOCK TABLES;

--
-- Table structure for table `flow_state_transition_role`
--

DROP TABLE IF EXISTS `flow_state_transition_role`;
/*!40101 SET @saved_cs_client     = @@character_set_client */;
/*!40101 SET character_set_client = utf8 */;
CREATE TABLE `flow_state_transition_role` (
  `id` int(11) NOT NULL AUTO_INCREMENT,
  `flow_state_transition` int(11) DEFAULT NULL,
  `role` int(11) DEFAULT NULL,
  PRIMARY KEY (`id`),
  UNIQUE KEY `flow_state_transition` (`flow_state_transition`,`role`)
) ENGINE=InnoDB AUTO_INCREMENT=3007 DEFAULT CHARSET=latin1;
/*!40101 SET character_set_client = @saved_cs_client */;

--
-- Dumping data for table `flow_state_transition_role`
--

LOCK TABLES `flow_state_transition_role` WRITE;
/*!40000 ALTER TABLE `flow_state_transition_role` DISABLE KEYS */;
INSERT INTO `flow_state_transition_role` VALUES (3,5,16021),(6,7,22020),(1028,7,22021),(7,8,16020),(8,9,22020),(1029,9,22021),(9,11,22020),(1030,11,22021),(50,12,-1),(11,13,6020),(12,14,22020),(1031,14,22021),(13,15,22020),(1032,15,22021),(14,16,22020),(1033,16,22021),(15,17,22020),(1034,17,22021),(16,18,-1),(19,21,6020),(20,22,6020),(23,25,22020),(1035,25,22021),(26,28,22020),(1036,28,22021),(27,29,16020),(28,30,22020),(1037,30,22021),(29,31,22021),(30,32,22020),(1038,32,22021),(32,34,22020),(1039,34,22021),(33,35,22020),(1040,35,22021),(34,36,22020),(1041,36,22021),(35,37,22020),(1042,37,22021),(41,38,22020),(1043,38,22021),(43,40,22020),(1044,40,22021),(44,41,22020),(1045,41,22021),(45,42,22020),(1046,42,22021),(46,43,22020),(1047,43,22021),(47,44,22020),(1048,44,22021),(48,45,22020),(1049,45,22021),(49,46,22020),(1050,46,22021),(51,47,22020),(1051,47,22021),(52,48,22020),(1052,48,22021),(53,49,22020),(1053,49,22021),(54,50,22020),(1054,50,22021),(55,51,16021),(95,52,5020),(57,53,16021),(58,58,22020),(1055,58,22021),(59,59,22020),(1056,59,22021),(60,60,22020),(1057,60,22021),(61,61,22020),(1058,61,22021),(66,66,22020),(2245,66,22021),(67,67,22021),(68,68,22020),(1060,68,22021),(69,69,16021),(70,70,22020),(1061,70,22021),(71,71,16020),(72,72,22020),(1062,72,22021),(73,73,22021),(74,74,22020),(1063,74,22021),(75,75,22020),(1064,75,22021),(76,76,22021),(77,77,22021),(78,78,22020),(1065,78,22021),(79,79,22020),(1066,79,22021),(80,80,22020),(1067,80,22021),(81,81,22020),(1068,81,22021),(82,82,16021),(83,83,-1),(84,84,6020),(85,85,6020),(86,86,22020),(1069,86,22021),(87,87,22020),(1070,87,22021),(88,88,-1),(89,89,6020),(90,90,22020),(1071,90,22021),(91,91,22021),(92,92,6020),(93,93,5020),(94,94,16021),(96,96,22020),(1072,96,22021),(97,97,22020),(1073,97,22021),(98,98,22020),(1074,98,22021),(99,99,22020),(1075,99,22021),(100,100,22020),(1076,100,22021),(101,101,22020),(1077,101,22021),(102,102,22020),(1078,102,22021),(103,103,22020),(1079,103,22021),(104,104,22020),(1080,104,22021),(105,105,22020),(1081,105,22021),(106,106,22020),(1082,106,22021),(107,107,22020),(1083,107,22021),(108,108,22020),(1084,108,22021),(109,109,22020),(1085,109,22021),(110,110,22020),(1086,110,22021),(111,111,22020),(1087,111,22021),(112,112,22021),(113,113,22020),(1088,113,22021),(114,114,16021),(115,115,22020),(1089,115,22021),(116,116,22020),(1090,116,22021),(117,117,22021),(118,118,22021),(119,119,22020),(1091,119,22021),(128,120,22020),(1092,120,22021),(129,121,22020),(1093,121,22021),(130,122,22020),(1094,122,22021),(131,123,22020),(1095,123,22021),(133,124,16021),(134,125,22021),(135,126,16021),(136,127,22021),(137,128,-1),(138,129,6020),(139,130,22021),(140,131,16021),(141,132,22020),(1096,132,22021),(142,133,22020),(1097,133,22021),(143,134,22020),(1098,134,22021),(144,135,22020),(1099,135,22021),(145,136,22020),(1100,136,22021),(146,137,22020),(1101,137,22021),(148,140,22021),(149,141,22021),(150,142,22021),(151,143,22021),(152,144,22021),(153,145,22021),(155,146,22021),(156,147,22021),(154,148,22021),(157,149,22021),(158,150,-1),(159,151,6020),(160,152,22021),(161,153,22020),(1102,153,22021),(162,154,22020),(1103,154,22021),(163,155,22020),(1104,155,22021),(164,156,22020),(1105,156,22021),(165,157,22021),(166,158,22021),(167,159,22021),(1001,1001,22020),(1106,1001,22021),(1002,1002,22020),(1107,1002,22021),(1003,1003,22020),(1108,1003,22021),(1004,1004,22020),(1109,1004,22021),(1005,1005,6020),(1006,1006,6020),(1007,1007,22020),(1110,1007,22021),(1008,1008,22020),(1111,1008,22021),(1009,1009,22020),(1112,1009,22021),(1010,1010,22020),(1113,1010,22021),(1011,1011,-1),(1012,1012,6020),(1013,1013,-1),(1014,1014,22020),(1114,1014,22021),(1015,1015,22020),(1115,1015,22021),(1016,1016,22020),(1116,1016,22021),(1017,1017,22020),(1117,1017,22021),(1018,1018,22020),(1118,1018,22021),(1019,1019,22020),(1119,1019,22021),(1020,1020,22020),(1120,1020,22021),(1021,1021,22020),(1121,1021,22021),(1022,1022,22020),(1122,1022,22021),(1023,1023,16020),(1024,1024,22020),(1123,1024,22021),(1025,1025,22021),(1026,1026,16021),(1027,1027,22020),(1124,1027,22021),(1225,1028,22020),(2311,1028,22021),(2001,2001,22020),(2312,2001,22021),(2002,2002,22020),(2313,2002,22021),(2003,2003,22020),(2314,2003,22021),(2005,2004,22021),(2006,2005,22021),(2007,2006,22021),(2004,2007,22020),(2315,2007,22021),(2008,2008,22021),(2009,2009,22020),(2316,2009,22021),(2010,2010,16021),(2011,2011,22020),(2317,2011,22021),(2013,2012,22021),(2014,2013,16021),(2012,2014,22020),(2318,2014,22021),(2101,2101,22020),(2319,2101,22021),(2102,2102,22020),(2320,2102,22021),(2103,2103,22020),(2321,2103,22021),(2105,2104,22021),(2106,2105,22021),(2107,2106,22021),(2104,2107,22020),(2322,2107,22021),(2108,2108,22021),(2109,2109,22020),(2323,2109,22021),(2110,2110,22020),(2324,2110,22021),(2111,2111,22020),(2325,2111,22021),(2112,2112,22020),(2326,2112,22021),(2201,2201,22020),(2327,2201,22021),(2202,2202,22020),(2328,2202,22021),(2203,2203,22020),(2329,2203,22021),(2205,2204,22021),(2206,2205,22021),(2207,2206,22021),(2204,2207,22020),(2330,2207,22021),(2208,2208,22021),(2209,2209,22020),(2331,2209,22021),(2210,2210,22020),(2332,2210,22021),(2211,2211,22020),(2333,2211,22021),(2212,2212,22020),(2334,2212,22021),(2213,2213,22020),(2335,2213,22021),(3001,3001,22021),(3002,3002,22020),(3003,3003,16020),(3004,3004,22020),(3005,3005,22021),(3006,3006,22021);
/*!40000 ALTER TABLE `flow_state_transition_role` ENABLE KEYS */;
UNLOCK TABLES;
/*!40103 SET TIME_ZONE=@OLD_TIME_ZONE */;

/*!40101 SET SQL_MODE=@OLD_SQL_MODE */;
/*!40014 SET FOREIGN_KEY_CHECKS=@OLD_FOREIGN_KEY_CHECKS */;
/*!40014 SET UNIQUE_CHECKS=@OLD_UNIQUE_CHECKS */;
/*!40101 SET CHARACTER_SET_CLIENT=@OLD_CHARACTER_SET_CLIENT */;
/*!40101 SET CHARACTER_SET_RESULTS=@OLD_CHARACTER_SET_RESULTS */;
/*!40101 SET COLLATION_CONNECTION=@OLD_COLLATION_CONNECTION */;
/*!40111 SET SQL_NOTES=@OLD_SQL_NOTES */;

-- Dump completed on 2018-12-06 15:00:34
